SYMBOL,NAME OF COMPANY, SERIES, DATE OF LISTING, PAID UP VALUE, MARKET LOT, ISIN NUMBER, FACE VALUE,SECTOR
20MICRONS,20 Microns Limited,EQ,06-OCT-2008,5,1,INE144J01027,5,Basic Materials
AARTIIND,Aarti Industries Limited,EQ,08-FEB-1995,5,1,INE769A01020,5,Basic Materials
AARTISURF,Aarti Surfactants Limited,BE,14-JUL-2020,10,1,INE09EO01013,10,Basic Materials
ABMINTLLTD,ABM International Limited,BE,09-SEP-2021,10,1,INE251C01025,10,Basic Materials
ABREL,Aditya Birla Real Estate Limited,EQ,27-JUN-2003,10,1,INE055A01016,10,Basic Materials
ACC,ACC Limited,EQ,20-NOV-1996,10,1,INE012A01025,10,Basic Materials
ACI,Archean Chemical Industries Limited,EQ,21-NOV-2022,2,1,INE128X01021,2,Basic Materials
ACL,Andhra Cements Limited,EQ,10-MAY-2023,10,1,INE666E01020,10,Basic Materials
ACUTAAS,Acutaas Chemicals Limited,EQ,14-SEP-2021,5,1,INE00FF01025,5,Basic Materials
ADVENZYMES,Advanced Enzyme Technologies Limited,EQ,01-AUG-2016,2,1,INE837H01020,2,Basic Materials
AEROENTER,Aeroflex Enterprises Limited,EQ,21-NOV-2022,2,1,INE065D01027,2,Basic Materials
AETHER,Aether Industries Limited,EQ,03-JUN-2022,10,1,INE0BWX01014,10,Basic Materials
AGARIND,Agarwal Industrial Corporation Limited,EQ,26-MAY-2014,10,1,INE204E01012,10,Basic Materials
AGROPHOS,Agro Phos India Limited,EQ,08-MAR-2019,10,1,INE740V01019,10,Basic Materials
AKSHARCHEM,AksharChem India Limited,EQ,28-MAR-2017,10,1,INE542B01011,10,Basic Materials
AKZOINDIA,Akzo Nobel India Limited,EQ,28-JUN-2001,10,1,INE133A01011,10,Basic Materials
ALKALI,Alkali Metals Limited,EQ,06-NOV-2008,10,1,INE773I01017,10,Basic Materials
ALKYLAMINE,Alkyl Amines Chemicals Limited,EQ,26-NOV-2007,2,1,INE150B01039,2,Basic Materials
AMBUJACEM,Ambuja Cements Limited,EQ,18-FEB-1998,2,1,INE079A01024,2,Basic Materials
AMNPLST,Amines & Plasticizers Limited,EQ,10-NOV-2023,2,1,INE275D01022,2,Basic Materials
ANDHRAPAP,ANDHRA PAPER LIMITED,EQ,13-MAY-2004,2,1,INE435A01051,2,Basic Materials
ANDHRSUGAR,The Andhra Sugars Limited,EQ,01-NOV-1995,2,1,INE715B01021,2,Basic Materials
ANKITMETAL,Ankit Metal & Power Limited,BZ,14-MAR-2013,10,1,INE106I01010,10,Basic Materials
ANURAS,Anupam Rasayan India Limited,EQ,24-MAR-2021,10,1,INE930P01018,10,Basic Materials
APCL,Anjani Portland Cement Limited,BE,10-APR-2017,10,1,INE071F01012,10,Basic Materials
APCOTEXIND,Apcotex Industries Limited,EQ,06-SEP-1995,2,1,INE116A01032,2,Basic Materials
APLAPOLLO,APL Apollo Tubes Limited,EQ,14-DEC-2011,2,1,INE702C01027,2,Basic Materials
ARCHIDPLY,Archidply Industries Limited,EQ,04-JUL-2008,10,1,INE877I01016,10,Basic Materials
ARENTERP,Rajdarshan Industries Limited,BE,18-OCT-1995,10,1,INE610C01014,10,Basic Materials
ARFIN,Arfin India Limited,EQ,22-JUL-2025,1,1,INE784R01023,1,Basic Materials
ARIES,Aries Agro Limited,EQ,11-JAN-2008,10,1,INE298I01015,10,Basic Materials
ARVEE,Arvee Laboratories (India) Limited,EQ,22-MAR-2021,10,1,INE006Z01016,10,Basic Materials
ASAHISONG,Asahi Songwon Colors Limited,BE,29-AUG-2011,10,1,INE228I01012,10,Basic Materials
ASHAPURMIN,Ashapura Minechem Limited,EQ,20-SEP-1995,2,1,INE348A01023,2,Basic Materials
ASHOKAMET,Ashoka Metcast Limited,EQ,27-JUN-2023,10,1,INE760Y01011,10,Basic Materials
ASIANPAINT,Asian Paints Limited,EQ,31-MAY-1995,1,1,INE021A01026,1,Basic Materials
ASTEC,Astec LifeSciences Limited,EQ,25-NOV-2009,10,1,INE563J01010,10,Basic Materials
ASTRON,Astron Paper & Board Mill Limited,EQ,29-DEC-2017,10,1,INE646X01014,10,Basic Materials
ATUL,Atul Limited,EQ,06-MAY-1998,10,1,INE100A01010,10,Basic Materials
AVTNPL,AVT Natural Products Limited,EQ,10-JAN-2007,1,1,INE488D01021,1,Basic Materials
BALAMINES,Balaji Amines Limited,EQ,05-APR-2007,2,1,INE050E01027,2,Basic Materials
BANSALWIRE,Bansal Wire Industries Limited,EQ,10-JUL-2024,5,1,INE0B9K01025,5,Basic Materials
BASF,BASF India Limited,EQ,17-MAY-1995,10,1,INE373A01013,10,Basic Materials
BAYERCROP,Bayer Cropscience Limited,EQ,08-JAN-2010,10,1,INE462A01022,10,Basic Materials
BEDMUTHA,Bedmutha Industries Limited,EQ,14-OCT-2010,10,1,INE844K01012,10,Basic Materials
BEPL,Bhansali Engineering Polymers Limited,EQ,21-MAR-2005,1,1,INE922A01025,1,Basic Materials
BERGEPAINT,Berger Paints (I) Limited,EQ,24-NOV-1999,1,1,INE463A01038,1,Basic Materials
BESTAGRO,Best Agrolife Limited,EQ,10-APR-2024,10,1,INE052T01013,10,Basic Materials
BHAGCHEM,Bhagiradha Chemicals & Industries Limited,EQ,18-OCT-2021,1,1,INE414D01027,1,Basic Materials
BHAGERIA,Bhageria Industries Limited,EQ,02-MAR-2016,5,1,INE354C01027,5,Basic Materials
BHAGYANGR,Bhagyanagar India Limited,BE,17-MAY-2017,2,1,INE458B01036,2,Basic Materials
BHARATRAS,Bharat Rasayan Limited,EQ,11-OCT-1995,10,1,INE838B01013,10,Basic Materials
BHARATWIRE,Bharat Wire Ropes Limited,EQ,01-APR-2016,10,1,INE316L01019,10,Basic Materials
BILVYAPAR,BIL VYAPAR LIMITED,BE,27-SEP-2006,10,1,INE071A01013,10,Basic Materials
BIRLACORPN,Birla Corporation Limited,EQ,12-APR-1995,10,1,INE340A01012,10,Basic Materials
BODALCHEM,Bodal Chemicals Limited,EQ,22-AUG-2011,2,1,INE338D01028,2,Basic Materials
BOHRAIND,Bohra Industries Limited,EQ,27-OCT-2022,10,1,INE802W01023,10,Basic Materials
BSHSL,Bombay Super Hybrid Seeds Limited,EQ,28-OCT-2020,1,1,INE032Z01020,1,Basic Materials
BVCL,Barak Valley Cements Limited,EQ,23-NOV-2007,10,1,INE139I01011,10,Basic Materials
CAMLINFINE,Camlin Fine Sciences Limited,BE,20-JAN-2015,1,1,INE052I01032,1,Basic Materials
CENTEXT,Century Extrusions Limited,EQ,20-JUL-2004,1,1,INE281A01026,1,Basic Materials
CENTURYPLY,Century Plyboards (India) Limited,EQ,23-MAR-2006,1,1,INE348B01021,1,Basic Materials
CHAMBLFERT,Chambal Fertilizers & Chemicals Limited,EQ,14-JUN-1995,10,1,INE085A01013,10,Basic Materials
CHEMBOND,Chembond Material Technologies Limited,BE,20-NOV-2019,5,1,INE995D01025,5,Basic Materials
CHEMBONDCH,Chembond Chemicals Limited,BE,23-JUL-2025,5,1,INE0TGX01019,5,Basic Materials
CHEMCON,Chemcon Speciality Chemicals Limited,EQ,01-OCT-2020,10,1,INE03YM01018,10,Basic Materials
CHEMFAB,Chemfab Alkalis Limited,EQ,25-APR-2018,10,1,INE783X01023,10,Basic Materials
CHEMPLASTS,Chemplast Sanmar Limited,EQ,24-AUG-2021,5,1,INE488A01050,5,Basic Materials
CLEAN,Clean Science and Technology Limited,EQ,19-JUL-2021,1,1,INE227W01023,1,Basic Materials
COROMANDEL,Coromandel International Limited,EQ,31-MAY-1995,1,1,INE169A01031,1,Basic Materials
CUBEXTUB,Cubex Tubings Limited,BE,24-APR-1996,10,1,INE144D01012,10,Basic Materials
DALBHARAT,Dalmia Bharat Limited,EQ,22-JAN-2019,2,1,INE00R701025,2,Basic Materials
DCW,DCW Limited,EQ,25-MAY-1995,2,1,INE500A01029,2,Basic Materials
DDEVPLSTIK,Ddev Plastiks Industries Limited,EQ,15-JAN-2025,1,1,INE0HR601026,1,Basic Materials
DECCANCE,Deccan Cements Limited,EQ,02-AUG-2007,5,1,INE583C01021,5,Basic Materials
DEEPAKFERT,Deepak Fertilizers and Petrochemicals Corporation Limited,EQ,17-JAN-2003,10,1,INE501A01019,10,Basic Materials
DEEPAKNTR,Deepak Nitrite Limited,EQ,29-SEP-2010,2,1,INE288B01029,2,Basic Materials
DHANUKA,Dhanuka Agritech Limited,EQ,29-JUN-2011,2,1,INE435G01025,2,Basic Materials
DHARMAJ,Dharmaj Crop Guard Limited,BE,08-DEC-2022,10,1,INE00OQ01016,10,Basic Materials
DIAMINESQ,Diamines & Chemicals Limited,EQ,25-SEP-2023,10,1,INE591D01014,10,Basic Materials
DICIND,DIC India Limited,EQ,30-AUG-1995,10,1,INE303A01010,10,Basic Materials
DMCC,DMCC SPECIALITY CHEMICALS LIMITED,EQ,01-DEC-2021,10,1,INE505A01010,10,Basic Materials
DYNPRO,Dynemic Products Limited,EQ,19-JUL-2017,10,1,INE256H01015,10,Basic Materials
EIDPARRY,EID Parry India Limited,EQ,10-MAY-1995,1,1,INE126A01031,1,Basic Materials
ELECTHERM,Electrotherm (India) Limited,EQ,20-AUG-2007,10,1,INE822G01016,10,Basic Materials
ELLEN,Ellenbarrie Industrial Gases Limited,EQ,01-JUL-2025,2,1,INE236E01022,2,Basic Materials
EMAMIPAP,Emami Paper Mills Limited,EQ,30-MAY-2019,2,1,INE830C01026,2,Basic Materials
EPIGRAL,Epigral Limited,EQ,18-AUG-2021,10,1,INE071N01016,10,Basic Materials
EQUIPPP,Equippp Social Impact Technologies Limited,BE,19-MAY-2021,1,1,INE217G01035,1,Basic Materials
ESTER,Ester Industries Limited,EQ,20-JUN-2011,5,1,INE778B01029,5,Basic Materials
EXCELINDUS,Excel Industries Limited,EQ,16-JUN-2004,5,1,INE369A01029,5,Basic Materials
FACT,Fertilizers and Chemicals Travancore Limited,EQ,12-APR-1995,10,1,INE188A01015,10,Basic Materials
FAIRCHEMOR,Fairchem Organics Limited,EQ,24-DEC-2020,10,1,INE0DNW01011,10,Basic Materials
FCL,Fineotex Chemical Limited,EQ,15-JAN-2015,2,1,INE045J01026,2,Basic Materials
FINEORG,Fine Organic Industries Limited,EQ,02-JUL-2018,5,1,INE686Y01026,5,Basic Materials
FLUOROCHEM,Gujarat Fluorochemicals Limited,EQ,16-OCT-2019,1,1,INE09N301011,1,Basic Materials
FOSECOIND,Foseco India Limited,EQ,05-MAY-2003,10,1,INE519A01011,10,Basic Materials
GALAXYSURF,Galaxy Surfactants Limited,EQ,08-FEB-2018,10,1,INE600K01018,10,Basic Materials
GALLANTT,Gallantt Ispat Limited,EQ,04-APR-2006,10,1,INE297H01019,10,Basic Materials
GANESHBE,Ganesh Benzoplast Limited,EQ,16-SEP-2021,1,1,INE388A01029,1,Basic Materials
GENUSPAPER,Genus Paper & Boards Limited,EQ,16-FEB-2015,1,1,INE949P01018,1,Basic Materials
GHCL,GHCL Limited,EQ,31-JUL-2003,10,1,INE539A01019,10,Basic Materials
GNFC,Gujarat Narmada Valley Fertilizers and Chemicals Limited,EQ,17-MAY-1995,10,1,INE113A01013,10,Basic Materials
GOACARBON,Goa Carbon Limited,EQ,05-JUN-2007,10,1,INE426D01013,10,Basic Materials
GOCLCORP,GOCL Corporation Limited,EQ,26-JUN-2014,2,1,INE077F01035,2,Basic Materials
GODAVARIB,Godavari Biorefineries Limited,BE,30-OCT-2024,10,1,INE497S01012,10,Basic Materials
GOODLUCK,Goodluck India Limited,EQ,08-JAN-2015,2,1,INE127I01024,2,Basic Materials
GOYALALUM,Goyal Aluminiums Limited,EQ,04-NOV-2022,1,1,INE705X01026,1,Basic Materials
GPIL,Godawari Power And Ispat limited,EQ,25-APR-2006,1,1,INE177H01039,1,Basic Materials
GRASIM,Grasim Industries Limited,EQ,10-MAY-1995,2,1,INE047A01021,2,Basic Materials
GREENPANEL,Greenpanel Industries Limited,EQ,23-OCT-2019,1,1,INE08ZM01014,1,Basic Materials
GREENPLY,Greenply Industries Limited,EQ,06-MAR-1996,1,1,INE461C01038,1,Basic Materials
GRWRHITECH,Garware Hi-Tech Films Limited,EQ,03-FEB-2022,10,1,INE291A01017,10,Basic Materials
GSFC,Gujarat State Fertilizers & Chemicals Limited,EQ,06-SEP-1995,2,1,INE026A01025,2,Basic Materials
GSLSU,Global Surfaces Limited,EQ,23-MAR-2023,10,1,INE0JSX01015,10,Basic Materials
GUJALKALI,Gujarat Alkalies and Chemicals Limited,EQ,07-AUG-1997,10,1,INE186A01019,10,Basic Materials
GULFOILLUB,Gulf Oil Lubricants India Limited,EQ,31-JUL-2014,2,1,INE635Q01029,2,Basic Materials
GULPOLY,Gulshan Polyols Limited,EQ,28-JAN-2015,1,1,INE255D01024,1,Basic Materials
HARIOMPIPE,Hariom Pipe Industries Limited,EQ,13-APR-2022,10,1,INE00EV01017,10,Basic Materials
HEIDELBERG,HeidelbergCement India Limited,EQ,15-MAR-1995,10,1,INE578A01017,10,Basic Materials
HERANBA,Heranba Industries Limited,EQ,05-MAR-2021,10,1,INE694N01015,10,Basic Materials
HEUBACHIND,Heubach Colorants India Limited,EQ,14-JUN-1995,10,1,INE492A01029,10,Basic Materials
HINDALCO,Hindalco Industries Limited,EQ,08-JAN-1997,1,1,INE038A01020,1,Basic Materials
HINDCON,Hindcon Chemicals Limited,EQ,05-JUL-2021,2,1,INE642Y01029,2,Basic Materials
HINDCOPPER,Hindustan Copper Limited,EQ,15-SEP-2010,5,1,INE531E01026,5,Basic Materials
HINDZINC,Hindustan Zinc Limited,EQ,21-NOV-2006,2,1,INE267A01025,2,Basic Materials
HISARMETAL,Hisar Metal Industries Limited,EQ,05-JAN-2017,10,1,INE598C01011,10,Basic Materials
HITECH,Hi-Tech Pipes Limited,EQ,07-MAY-2018,1,1,INE106T01025,1,Basic Materials
HPAL,HP Adhesives Limited,EQ,27-DEC-2021,2,1,INE0GSL01024,2,Basic Materials
HPIL,Hindprakash Industries Limited,EQ,07-NOV-2022,10,1,INE05X901010,10,Basic Materials
HSCL,Himadri Speciality Chemical Limited,EQ,02-MAR-2007,1,1,INE019C01026,1,Basic Materials
IFGLEXPOR,IFGL Refractories Limited,EQ,14-NOV-2017,10,1,INE133Y01011,10,Basic Materials
IGCL,Indogulf Cropsciences Limited,EQ,03-JUL-2025,10,1,INE05J901018,10,Basic Materials
IGIL,International Gemmological Institute (India) Limited,EQ,20-DEC-2024,2,1,INE0Q9301021,2,Basic Materials
IGPL,IG Petrochemicals Limited,EQ,29-JAN-2007,10,1,INE204A01010,10,Basic Materials
IMFA,Indian Metals & Ferro Alloys Limited,EQ,23-JUL-2010,10,1,INE919H01018,10,Basic Materials
IMPEXFERRO,Impex Ferro Tech Limited,BZ,03-FEB-2005,10,1,INE691G01015,10,Basic Materials
INCREDIBLE,INCREDIBLE INDUSTRIES LIMITED,BE,01-JUL-2016,10,1,INE452L01012,10,Basic Materials
INDIACEM,The India Cements Limited,EQ,31-MAY-2000,10,1,INE383A01012,10,Basic Materials
INDIAGLYCO,India Glycols Limited,EQ,01-JUL-2005,10,1,INE560A01015,10,Basic Materials
INDIGOPNTS,Indigo Paints Limited,EQ,02-FEB-2021,10,1,INE09VQ01012,10,Basic Materials
INDOAMIN,Indo Amines Limited,EQ,29-APR-2022,5,1,INE760F01028,5,Basic Materials
INDOBORAX,Indo Borax & Chemicals Limited,BE,29-MAR-2022,1,1,INE803D01021,1,Basic Materials
INDOUS,Indo Us Biotech Limited,EQ,27-SEP-2024,10,1,INE250Z01010,10,Basic Materials
INSECTICID,Insecticides (India) Limited,EQ,30-MAY-2007,10,1,INE070I01018,10,Basic Materials
IPL,India Pesticides Limited,EQ,05-JUL-2021,1,1,INE0D6701023,1,Basic Materials
ISHANCH,Ishan Dyes and Chemicals Limited,BE,24-MAR-2025,10,1,INE561M01018,10,Basic Materials
IVP,IVP Limited,EQ,13-SEP-1995,10,1,INE043C01018,10,Basic Materials
JAIBALAJI,Jai Balaji Industries Limited,EQ,09-DEC-2003,2,1,INE091G01026,2,Basic Materials
JAICORPLTD,Jai Corp Limited,EQ,26-NOV-1997,1,1,INE070D01027,1,Basic Materials
JAYAGROGN,Jayant Agro Organics Limited,EQ,17-APR-1996,5,1,INE785A01026,5,Basic Materials
JAYNECOIND,Jayaswal Neco Industries Limited,EQ,10-MAY-1995,10,1,INE854B01010,10,Basic Materials
JGCHEM,J.G.Chemicals Limited,EQ,13-MAR-2024,10,1,INE0MB501011,10,Basic Materials
JINDALSAW,Jindal Saw Limited,EQ,29-APR-2003,1,1,INE324A01032,1,Basic Materials
JINDALSTEL,Jindal Steel & Power Limited,EQ,29-DEC-1999,1,1,INE749A01030,1,Basic Materials
JKCEMENT,JK Cement Limited,EQ,14-MAR-2006,10,1,INE823G01014,10,Basic Materials
JKLAKSHMI,JK Lakshmi Cement Limited,EQ,19-JUN-2006,5,1,INE786A01032,5,Basic Materials
JKPAPER,JK Paper Limited,EQ,16-JUN-2005,10,1,INE789E01012,10,Basic Materials
JOCIL,Jocil Limited,EQ,08-OCT-2008,10,1,INE839G01010,10,Basic Materials
JSL,Jindal Stainless Limited,EQ,17-NOV-2003,2,1,INE220G01021,2,Basic Materials
JSWSTEEL,JSW Steel Limited,EQ,23-MAR-2005,1,1,INE019A01038,1,Basic Materials
JTLIND,JTL INDUSTRIES LIMITED,EQ,12-JUN-2023,1,1,INE391J01032,1,Basic Materials
JUBLCPL,Jubilant Agri and Consumer Products Limited,EQ,14-FEB-2025,10,1,INE03CC01015,10,Basic Materials
JUBLINGREA,Jubilant Ingrevia Limited,EQ,19-MAR-2021,1,1,INE0BY001018,1,Basic Materials
KAKATCEM,Kakatiya Cement Sugar & Industries Limited,EQ,13-DEC-1995,10,1,INE437B01014,10,Basic Materials
KAMDHENU,Kamdhenu Limited,EQ,09-MAY-2006,1,1,INE390H01020,1,Basic Materials
KAMOPAINTS,Kamdhenu Ventures Limited,BE,24-JAN-2023,1,1,INE0BTI01037,1,Basic Materials
KANORICHEM,Kanoria Chemicals & Industries Limited,EQ,08-FEB-1995,5,1,INE138C01024,5,Basic Materials
KANSAINER,Kansai Nerolac Paints Limited,EQ,15-SEP-2003,1,1,INE531A01024,1,Basic Materials
KCP,KCP Limited,EQ,09-APR-1997,1,1,INE805C01028,1,Basic Materials
KESORAMIND,Kesoram Industries Limited,BE,06-SEP-1995,10,1,INE087A01019,10,Basic Materials
KHAICHEM,Khaitan Chemicals & Fertilizers Limited,BE,30-OCT-2020,1,1,INE745B01028,1,Basic Materials
KINGFA,Kingfa Science & Technology (India) Limited,EQ,15-NOV-2016,10,1,INE473D01015,10,Basic Materials
KIOCL,KIOCL Limited,EQ,29-NOV-2016,10,1,INE880L01014,10,Basic Materials
KIRIINDUS,Kiri Industries Limited,EQ,22-APR-2008,10,1,INE415I01015,10,Basic Materials
KOTHARIPET,Kothari Petrochemicals Limited,EQ,02-NOV-1996,10,1,INE720A01015,10,Basic Materials
KRIDHANINF,Kridhan Infra Limited,BE,11-DEC-2015,2,1,INE524L01026,2,Basic Materials
KRISHANA,Krishana Phoschem Limited,EQ,22-AUG-2019,10,1,INE506W01012,10,Basic Materials
KRITIKA,Kritika Wires Limited,EQ,04-MAY-2022,2,1,INE00Z501029,2,Basic Materials
KRONOX,Kronox Lab Sciences Limited,EQ,10-JUN-2024,10,1,INE0ATZ01017,10,Basic Materials
KSCL,Kaveri Seed Company Limited,EQ,04-OCT-2007,2,1,INE455I01029,2,Basic Materials
KSL,Kalyani Steels Limited,EQ,19-MAY-2010,5,1,INE907A01026,5,Basic Materials
KUANTUM,Kuantum Papers Limited,EQ,23-OCT-2019,1,1,INE529I01021,1,Basic Materials
LINDEINDIA,Linde India Limited,EQ,16-JUN-1999,10,1,INE473A01011,10,Basic Materials
LLOYDSENT,Lloyds Enterprises Limited,EQ,17-OCT-2024,1,1,INE080I01025,1,Basic Materials
LLOYDSME,Lloyds Metals And Energy Limited,EQ,17-JUL-2023,1,1,INE281B01032,1,Basic Materials
LORDSCHLO,Lords Chloro Alkali Limited,BE,28-AUG-2023,10,1,INE846D01012,10,Basic Materials
LXCHEM,Laxmi Organic Industries Limited,EQ,25-MAR-2021,2,1,INE576O01020,2,Basic Materials
MAANALU,Maan Aluminium Limited,BE,22-OCT-2007,5,1,INE215I01027,5,Basic Materials
MADRASFERT,Madras Fertilizers Limited,EQ,25-JUL-1997,10,1,INE414A01015,10,Basic Materials
MAGNUM,Magnum Ventures Limited,EQ,20-SEP-2007,10,1,INE387I01016,10,Basic Materials
MAHASTEEL,Mahamaya Steel Industries Limited,BE,01-JUL-2016,10,1,INE451L01014,10,Basic Materials
MAHSEAMLES,Maharashtra Seamless Limited,EQ,25-AUG-2004,5,1,INE271B01025,5,Basic Materials
MAITHANALL,Maithan Alloys Limited,EQ,05-JUL-2011,10,1,INE683C01011,10,Basic Materials
MALUPAPER,Malu Paper Mills Limited,EQ,05-APR-2006,10,1,INE383H01017,10,Basic Materials
MANAKALUCO,Manaksia Aluminium Company Limited,EQ,30-MAR-2015,1,1,INE859Q01017,1,Basic Materials
MANAKSTEEL,Manaksia Steels Limited,BE,30-MAR-2015,1,1,INE824Q01011,1,Basic Materials
MANALIPETC,Manali Petrochemicals Limited,EQ,06-DEC-2006,5,1,INE201A01024,5,Basic Materials
MANGCHEFER,Mangalore Chemicals & Fertilizers Limited,EQ,22-OCT-2007,10,1,INE558B01017,10,Basic Materials
MANGLMCEM,Mangalam Cement Limited,EQ,03-JAN-1996,10,1,INE347A01017,10,Basic Materials
MANINDS,Man Industries (India) Limited,EQ,24-JUN-2005,5,1,INE993A01026,5,Basic Materials
MANORG,Mangalam Organics Limited,BE,02-NOV-2021,10,1,INE370D01013,10,Basic Materials
MBAPL,Madhya Bharat Agro Products Limited,EQ,22-AUG-2019,10,1,INE900L01010,10,Basic Materials
MCL,Madhav Copper Limited,EQ,19-AUG-2020,5,1,INE813V01022,5,Basic Materials
MIDHANI,Mishra Dhatu Nigam Limited,EQ,04-APR-2018,10,1,INE099Z01011,10,Basic Materials
MMP,MMP Industries Limited,EQ,09-JAN-2020,10,1,INE511Y01018,10,Basic Materials
MOIL,MOIL Limited,EQ,15-DEC-2010,10,1,INE490G01020,10,Basic Materials
MOL,Meghmani Organics Limited,EQ,18-AUG-2021,1,1,INE0CT101020,1,Basic Materials
MSPL,MSP Steel & Power Limited,EQ,18-JUL-2005,10,1,INE752G01015,10,Basic Materials
MUKANDLTD,Mukand Limited,EQ,23-FEB-2004,10,1,INE304A01026,10,Basic Materials
NACLIND,NACL Industries Limited,BE,07-APR-2017,1,1,INE295D01020,1,Basic Materials
NAGAFERT,Nagarjuna Fertilizers and Chemicals Limited,EQ,15-JUN-2016,1,1,INE454M01024,1,Basic Materials
NARMADA,Narmada Agrobase Limited,EQ,27-OCT-2022,10,1,INE117Z01011,10,Basic Materials
NATHBIOGEN,Nath Bio-Genes (India) Limited,BE,28-JAN-2014,10,1,INE448G01010,10,Basic Materials
NATIONALUM,National Aluminium Company Limited,EQ,28-APR-1999,5,1,INE139A01034,5,Basic Materials
NAVINFLUOR,Navin Fluorine International Limited,EQ,01-JUN-2007,2,1,INE048G01026,2,Basic Materials
NAVKARURB,Navkar Urbanstructure Limited,BE,17-JAN-2025,1,1,INE268H01044,1,Basic Materials
NCLIND,NCL Industries Limited,EQ,03-APR-2007,10,1,INE732C01016,10,Basic Materials
NEOGEN,Neogen Chemicals Limited,EQ,08-MAY-2019,10,1,INE136S01016,10,Basic Materials
NFL,National Fertilizers Limited,EQ,28-DEC-2006,10,1,INE870D01012,10,Basic Materials
NMDC,NMDC Limited,EQ,03-MAR-2008,1,1,INE584A01023,1,Basic Materials
NOCIL,NOCIL Limited,EQ,17-JAN-1996,10,1,INE163A01018,10,Basic Materials
